label,avg_word_length,avg_word_length,avg_word_length,lexical_diversity,lexical_diversity,lexical_diversity,hapax_legomena_ratio,hapax_legomena_ratio,hapax_legomena_ratio
,mean,median,std,mean,median,std,mean,median,std
ham,4.470142547983325,4.438461538461539,0.5531314682182628,0.6567646959890814,0.6612903225806451,0.16248586210172383,0.4900756037846474,0.4608695652173913,0.18902226949347728
spam,4.713928834048086,4.620689655172414,0.9242246803489328,0.7553343687236834,0.7848101265822784,0.17741478718717724,0.6373435996265701,0.6422018348623854,0.22309531075482836
