label,avg_sentence_length,avg_sentence_length,avg_sentence_length,flesch_kincaid_grade,flesch_kincaid_grade,flesch_kincaid_grade
,mean,median,std,mean,median,std
ham,16.14471240620116,14.217391304347826,14.521316362441867,9.822381650713092,9.37125,6.125193560190667
spam,14.94355683146585,11.2,20.14666987311389,9.885998129931416,8.350000000000005,9.552889846179058
