label,neg,neg,neg,neu,neu,neu,pos,pos,pos,compound,compound,compound
,mean,median,std,mean,median,std,mean,median,std,mean,median,std
ham,0.025012209126624357,0.01,0.04027374710478922,0.8731834391054699,0.88,0.08089776583332024,0.10180731338773044,0.092,0.07536107783471888,0.602745826533696,0.8316,0.4771060679473583
spam,0.052217110244016075,0.037,0.05845425443010143,0.8134371906120785,0.823,0.10635398663115449,0.13131209597577312,0.124,0.08558493534318674,0.5312674509347156,0.8356,0.5830948988537037
