label,word_count,word_count,word_count,word_count,sentence_count,sentence_count,sentence_count,sentence_count,char_count,char_count,char_count,char_count,unique_word_count,unique_word_count,unique_word_count,unique_word_count,avg_word_length,avg_word_length,avg_word_length,avg_word_length,lexical_diversity,lexical_diversity,lexical_diversity,lexical_diversity,hapax_legomena_ratio,hapax_legomena_ratio,hapax_legomena_ratio,hapax_legomena_ratio,flesch_kincaid_grade,flesch_kincaid_grade,flesch_kincaid_grade,flesch_kincaid_grade,avg_sentence_length,avg_sentence_length,avg_sentence_length,avg_sentence_length,neg,neg,neg,neg,neu,neu,neu,neu,pos,pos,pos,pos,compound,compound,compound,compound
,count,mean,median,std,count,mean,median,std,count,mean,median,std,count,mean,median,std,count,mean,median,std,count,mean,median,std,count,mean,median,std,count,mean,median,std,count,mean,median,std,count,mean,median,std,count,mean,median,std,count,mean,median,std,count,mean,median,std
ham,16545,278.62598972499245,133.0,958.3078945570331,16545,18.427379873073438,9.0,64.97683571997943,16545,1708.4430341492898,795.0,5774.36022372912,16545,124.98809307948021,86.0,191.7354502255829,16545,4.470142547983325,4.438461538461539,0.5531314682182628,16545,0.6567646959890814,0.6612903225806451,0.16248586210172383,16545,0.4900756037846474,0.4608695652173913,0.18902226949347728,16545,9.822381650713092,9.37125,6.125193560190667,16545,16.14471240620116,14.217391304347826,14.521316362441867,16545,0.025012209126624357,0.01,0.04027374710478922,16545,0.8731834391054699,0.88,0.08089776583332024,16545,0.10180731338773044,0.092,0.07536107783471888,16545,0.602745826533696,0.8316,0.4771060679473583
spam,17171,209.2490827558092,103.0,312.5663747027493,17171,16.060741948634327,9.0,25.860892648135504,17171,1310.7360083862327,649.0,1954.9076991786208,17171,122.2712713295673,79.0,127.94343137421409,17171,4.713928834048086,4.620689655172414,0.9242246803489328,17171,0.7553343687236834,0.7848101265822784,0.17741478718717724,17171,0.6373435996265701,0.6422018348623854,0.22309531075482836,17171,9.885998129931416,8.350000000000005,9.552889846179058,17171,14.94355683146585,11.2,20.14666987311389,17171,0.052217110244016075,0.037,0.05845425443010143,17171,0.8134371906120785,0.823,0.10635398663115449,17171,0.13131209597577312,0.124,0.08558493534318674,17171,0.5312674509347156,0.8356,0.5830948988537037
